<?xml version="1.0" encoding="utf-8"?>
<prefix name="forum" label="Forum" language_tag="pl-PL" language_label="Polski">
	<key name="activity_string">
		<value>&lt;a href="{$userUrl}"&gt;{$user}&lt;/a&gt; &lt;a href="{$url}"&gt;replied&lt;/a&gt; in &lt;a href="{$topicUrl}"&gt;{$topicTitle}&lt;/a&gt; forum topic</value>
	</key>
	<key name="activity_string_topic">
		<value>&lt;a href="{$userUrl}"&gt;{$user}&lt;/a&gt; started new discussion: &lt;a href="{$topicUrl}"&gt;{$topicTitle}&lt;/a&gt;</value>
	</key>
	<key name="additional">
		<value>Dodatkowe</value>
	</key>
	<key name="add_files">
		<value>Dodaj pliki</value>
	</key>
	<key name="add_new">
		<value>Dodaj</value>
	</key>
	<key name="add_new_comment">
		<value>Dodaj nowy post</value>
	</key>
	<key name="add_new_forum_btn">
		<value>Dodaj nowy wątek</value>
	</key>
	<key name="add_new_forum_description">
		<value>Opis</value>
	</key>
	<key name="add_new_forum_name">
		<value>Nazwa</value>
	</key>
	<key name="add_new_forum_section">
		<value>Dodaj nowy wątek</value>
	</key>
	<key name="add_new_forum_submit">
		<value>Dodaj</value>
	</key>
	<key name="add_new_forum_title">
		<value>Dodaj wątek</value>
	</key>
	<key name="add_post_btn">
		<value>Opublikuj</value>
	</key>
	<key name="add_post_title">
		<value>Odpowiedz</value>
	</key>
	<key name="admin_config">
		<value>Forum - Ustawienia wtyczki</value>
	</key>
	<key name="advanced_search">
		<value>Wyszukwanie zaawansowane</value>
	</key>
	<key name="advanced_search_result">
		<value>Wyniki wyszukiwania</value>
	</key>
	<key name="approve_topic">
		<value>Potwierdź</value>
	</key>
	<key name="attached_files">
		<value>Załączone pliki</value>
	</key>
	<key name="attachments">
		<value>Załączniki</value>
	</key>
	<key name="attachment_deleted">
		<value>Plik został usunięty</value>
	</key>
	<key name="attachment_filesize">
		<value>Maksmalny rozmiar pliku</value>
	</key>
	<key name="attach_files">
		<value>Załącz pliki</value>
	</key>
	<key name="author">
		<value>Autor</value>
	</key>
	<key name="auth_action_label_edit">
		<value>Stwórz/edytuj temat</value>
	</key>
	<key name="auth_action_label_move_topic_to_hidden">
		<value>Przenieś temat</value>
	</key>
	<key name="auth_action_label_subscribe">
		<value>Subskrybuj temat</value>
	</key>
	<key name="auth_action_label_view">
		<value>Zobacz tematy</value>
	</key>
	<key name="auth_group_label">
		<value>Forum</value>
	</key>
	<key name="back_forum">
		<value>Wróć do forum</value>
	</key>
	<key name="back_to_post">
		<value>Wróć do postu</value>
	</key>
	<key name="back_to_topic">
		<value>Wróć do tematu</value>
	</key>
	<key name="basic">
		<value>Ogólny</value>
	</key>
	<key name="by">
		<value>przez</value>
	</key>
	<key name="chars_limit_exceeded">
		<value>Ops, niestety Twój tekst jest zbyt długi! Spróbuj streścić wiadomość, użyj mniej niż {$limit} symboli.</value>
	</key>
	<key name="clear_all">
		<value>Wyczyść wszytsko</value>
	</key>
	<key name="cmp_widget_forum_topics_count">
		<value>Liczba tematów</value>
	</key>
	<key name="cmp_widget_forum_topics_post_lenght">
		<value>Podgląd</value>
	</key>
	<key name="confirm_delete_all_attachments">
		<value>Na pewno chcesz usunąć te pliki?</value>
	</key>
	<key name="confirm_delete_attachment">
		<value>Na pewno chcesz usunąć ten plik?</value>
	</key>
	<key name="confirm_delete_forum">
		<value>Na pewno chcesz usunąć wszystkie tematy z forum?</value>
	</key>
	<key name="connect_forum_button">
		<value>Połącz forum</value>
	</key>
	<key name="connect_forum_to_entity">
		<value>Dodaj forum</value>
	</key>
	<key name="content_add_string">
		<value>Stwórz nowy temat</value>
	</key>
	<key name="content_edited_string">
		<value>Edytuj forum</value>
	</key>
	<key name="content_forums_label">
		<value>Forum</value>
	</key>
	<key name="content_forum_label">
		<value>Posty na forum</value>
	</key>
	<key name="content_forum_post_in_topic">
		<value>forum post in &lt;a href="{$topicUrl}"&gt;{$title}&lt;/a&gt;</value>
	</key>
	<key name="content_forum_topic">
		<value>tematy na forum</value>
	</key>
	<key name="create_new_topic">
		<value>Stwórz nowy temat</value>
	</key>
	<key name="delete">
		<value>Usuń</value>
	</key>
	<key name="delete_content">
		<value>Usuń zawartość i odinstaluj plugin</value>
	</key>
	<key name="delete_content_desc">
		<value>Before uninstalling forum plugin we have to remove all existing forum content. This may take awhile. That is why we will put the site to "maintenance mode" and activate it back upon completing the uninstall.</value>
	</key>
	<key name="delete_content_warning">
		<value>Ostrzeżenie</value>
	</key>
	<key name="delete_group">
		<value>Usuń</value>
	</key>
	<key name="delete_group_confirm">
		<value>Na pewno chcesz usunąć grupę?</value>
	</key>
	<key name="delete_post_confirm">
		<value>Na pewno chcesz usunąć ten post?</value>
	</key>
	<key name="delete_quote_confirm">
		<value>NA pewno chcesz usunąć ten wpis?</value>
	</key>
	<key name="delete_section">
		<value>Usuń</value>
	</key>
	<key name="delete_section_confirm">
		<value>Na pewno chcesz usunąć sekcje forum?</value>
	</key>
	<key name="delete_topic">
		<value>Usuń</value>
	</key>
	<key name="delete_topic_confirm">
		<value>Na pewno chcesz usunąc ten temat?</value>
	</key>
	<key name="edit_group">
		<value>Edytuj</value>
	</key>
	<key name="edit_group_btn">
		<value>Zapisz</value>
	</key>
	<key name="edit_group_description">
		<value>Opis</value>
	</key>
	<key name="edit_group_name">
		<value>Nazwa wątku</value>
	</key>
	<key name="edit_group_title">
		<value>Edytuj forum grupowe</value>
	</key>
	<key name="edit_post_title">
		<value>Edytuj post</value>
	</key>
	<key name="edit_section">
		<value>Edytuj</value>
	</key>
	<key name="edit_section_btn">
		<value>Zapisz</value>
	</key>
	<key name="edit_section_name">
		<value>Nazwa sekcji</value>
	</key>
	<key name="edit_section_title">
		<value>Edit Forum Section</value>
	</key>
	<key name="edit_topic">
		<value>Edytuj</value>
	</key>
	<key name="edit_topic_title">
		<value>Edytuj temat</value>
	</key>
	<key name="email_notifications_section_label">
		<value>Forum</value>
	</key>
	<key name="email_notifications_setting_post">
		<value>Skomentowano Twój post na forum</value>
	</key>
	<key name="email_notification_post">
		<value>&lt;a href="{$userUrl}"&gt;{$userName}&lt;/a&gt; odpowiedziała na &lt;a href="{$postUrl}"&gt;{$title}&lt;/a&gt;.</value>
	</key>
	<key name="enable_attachments">
		<value>Udostepnij załączniki plików</value>
	</key>
	<key name="enter_username">
		<value>Wprowadź nazwę użytkownika</value>
	</key>
	<key name="feed_activity_last_reply">
		<value>&lt;a href="{$postUrl}"&gt;Ostatnia odpowiedź&lt;/a&gt;:</value>
	</key>
	<key name="feed_activity_owner_topic_like">
		<value>podoba się temat na forum</value>
	</key>
	<key name="feed_activity_topic_reply_string">
		<value>odpowiedziała na forum</value>
	</key>
	<key name="feed_activity_topic_string">
		<value>udostępniła post na forum</value>
	</key>
	<key name="feed_activity_topic_string_like">
		<value>{$user}podoba się wątek na forum</value>
	</key>
	<key name="feed_content_label">
		<value>Tematy na forum</value>
	</key>
	<key name="feed_content_replies_label">
		<value>Odpowiedzi na forum</value>
	</key>
	<key name="feed_toolbar_discuss">
		<value>Dyskusja</value>
	</key>
	<key name="feed_toolbar_replies">
		<value>Odpowiedzi: &lt;span class="ow_txt_value"&gt;{$postCount}&lt;/span&gt;</value>
	</key>
	<key name="file_size_validation_error">
		<value>Wartość nieprawidłowa lub zajmuje więcej niż limit serwera</value>
	</key>
	<key name="first_login_to_see_code"/>
	<key name="flag">
		<value>Oznacz</value>
	</key>
	<key name="flags">
		<value>Tematy forum</value>
	</key>
	<key name="forms_search_keyword_field_invitation">
		<value>Słowo kluczowe lub fraza</value>
	</key>
	<key name="forms_search_parts_field_label">
		<value>Wybierz forum do przeszukania</value>
	</key>
	<key name="forms_search_parts_field_value_all_forums">
		<value>&gt;&gt;Wszystkie </value>
	</key>
	<key name="forms_search_period_field_label">
		<value>Wyszukaj w określionym okresie czasowym</value>
	</key>
	<key name="forms_search_search_in_field_label">
		<value>Szukaj w</value>
	</key>
	<key name="forms_search_search_in_field_value_message">
		<value>Wiadomości</value>
	</key>
	<key name="forms_search_search_in_field_value_title">
		<value>Tematy</value>
	</key>
	<key name="forms_search_search_period_value_last_month">
		<value>Ostatni miesiąc</value>
	</key>
	<key name="forms_search_search_period_value_last_six_months">
		<value>Ostatnie 6 miesięcy</value>
	</key>
	<key name="forms_search_search_period_value_last_three_months">
		<value>Ostatnie 3 miesiące</value>
	</key>
	<key name="forms_search_search_period_value_last_two_months">
		<value>Ostatnie 2 miesiące</value>
	</key>
	<key name="forms_search_search_period_value_last_week">
		<value>Ostatni tydzień</value>
	</key>
	<key name="forms_search_search_period_value_last_year">
		<value>Ostatni rok</value>
	</key>
	<key name="forms_search_search_period_value_today">
		<value>Dzisiaj</value>
	</key>
	<key name="forms_search_sort_direction_field_value_decrease">
		<value>Zmniejsz</value>
	</key>
	<key name="forms_search_sort_direction_field_value_increase">
		<value>Zwiększ</value>
	</key>
	<key name="forms_search_sort_field_label">
		<value>Sortuj po</value>
	</key>
	<key name="forms_search_sort_value_date">
		<value>Data ostatniej wiadomośći</value>
	</key>
	<key name="forms_search_sort_value_relevance">
		<value>Trafność tematu</value>
	</key>
	<key name="forms_search_username_field_invitation">
		<value>Nazwa użytkownika</value>
	</key>
	<key name="forms_search_username_field_label">
		<value>Wyszukaj pośród użytkowników (opcjonalne)</value>
	</key>
	<key name="forum">
		<value>Forum</value>
	</key>
	<key name="forum_already_connected">
		<value>Forum jest już połączone</value>
	</key>
	<key name="forum_group">
		<value>Forum</value>
	</key>
	<key name="forum_index">
		<value>Forum główne</value>
	</key>
	<key name="forum_mobile">
		<value>Forum</value>
	</key>
	<key name="forum_page_heading">
		<value>{$forum} | Forum</value>
	</key>
	<key name="forum_quote">
		<value>Cytuj</value>
	</key>
	<key name="forum_quote_from">
		<value>from</value>
	</key>
	<key name="forum_section">
		<value>Działy</value>
	</key>
	<key name="forum_settings">
		<value>Ustawienia forum</value>
	</key>
	<key name="forum_sitemap">
		<value>Forum</value>
	</key>
	<key name="forum_topic">
		<value>Temat</value>
	</key>
	<key name="forum_topics_widget">
		<value>Tematy na forum</value>
	</key>
	<key name="general_settings">
		<value>Ustawienia ogólne</value>
	</key>
	<key name="goto_forum">
		<value>Przejdź do forum</value>
	</key>
	<key name="group_meta_description">
		<value>{$group} na {$site_name} forum</value>
	</key>
	<key name="in">
		<value>W</value>
	</key>
	<key name="is_private">
		<value>Prywatne</value>
	</key>
	<key name="last_reply">
		<value>Ostatnia odpwiedź</value>
	</key>
	<key name="latest_reply_from">
		<value>Ostatnia odpowiedź od &lt;a href="{$url}"&gt;{$user}&lt;/a&gt;</value>
	</key>
	<key name="locked">
		<value>zablokowane</value>
	</key>
	<key name="lock_topic">
		<value>Blokuj</value>
	</key>
	<key name="lock_topic_confirm">
		<value>Na pewno zablokować ten temat?</value>
	</key>
	<key name="messages_on_forum">
		<value>wiadomość na forum</value>
	</key>
	<key name="meta_description_add_topic">
		<value>Dodaj nowy temat na forum.</value>
	</key>
	<key name="meta_description_forums">
		<value>Forum - {$site_name}</value>
	</key>
	<key name="meta_desc_adv_search">
		<value>Use advanced search to find information you need within {$site_name} forum.</value>
	</key>
	<key name="meta_desc_adv_search_result">
		<value>View the results of your forum search on {$site_name}.</value>
	</key>
	<key name="meta_desc_group">
		<value>{$group_description}</value>
	</key>
	<key name="meta_desc_group_search">
		<value>Search results for {$group_name} threads on {$site_name} forum.</value>
	</key>
	<key name="meta_desc_home">
		<value>Welcome to the discussion forum at {$site_name}. Create new posts, read what others have to say, and join the conversation.</value>
	</key>
	<key name="meta_desc_section">
		<value>{$section_name}</value>
	</key>
	<key name="meta_desc_section_search">
		<value>Search results for {$section_name} sub-forum on {$site_name} forum.</value>
	</key>
	<key name="meta_desc_topic">
		<value>{$topic_description}</value>
	</key>
	<key name="meta_desc_topic_search">
		<value>Search results for {$topic_name} topic on {$site_name} forum.</value>
	</key>
	<key name="meta_keywords_adv_searche">
		<value></value>
	</key>
	<key name="meta_keywords_adv_searche_result">
		<value></value>
	</key>
	<key name="meta_keywords_group">
		<value></value>
	</key>
	<key name="meta_keywords_group_search">
		<value></value>
	</key>
	<key name="meta_keywords_home">
		<value></value>
	</key>
	<key name="meta_keywords_section">
		<value></value>
	</key>
	<key name="meta_keywords_section_search">
		<value></value>
	</key>
	<key name="meta_keywords_topic">
		<value></value>
	</key>
	<key name="meta_keywords_topic_search">
		<value></value>
	</key>
	<key name="meta_title_add_topic">
		<value>Nowy temat na forum - {$site_name}</value>
	</key>
	<key name="meta_title_adv_search">
		<value>Advanced search {$site_name} Forum</value>
	</key>
	<key name="meta_title_adv_search_result">
		<value>Search results for {$site_name} Forum</value>
	</key>
	<key name="meta_title_group">
		<value>{$group_name} at {$site_name} Forum</value>
	</key>
	<key name="meta_title_group_search">
		<value>{$group_name} search at {$site_name} Forum</value>
	</key>
	<key name="meta_title_home">
		<value>Forum | {$site_name}</value>
	</key>
	<key name="meta_title_section">
		<value>{$section_name} at {$site_name} Forum</value>
	</key>
	<key name="meta_title_section_search">
		<value>{$section_name} search at {$site_name} Forum</value>
	</key>
	<key name="meta_title_topic">
		<value>{$topic_name} at {$site_name} Forum</value>
	</key>
	<key name="meta_title_topic_search">
		<value>{$topic_name} search at {$site_name} Forum</value>
	</key>
	<key name="moved_from">
		<value>Topic was moved from &lt;a href="{$groupUrl}"&gt;{$groupName}&lt;/a&gt;.</value>
	</key>
	<key name="moved_to">
		<value>Topic was &lt;a href="{$topicUrl}"&gt;moved&lt;/a&gt;.</value>
	</key>
	<key name="move_topic">
		<value>Przenieś</value>
	</key>
	<key name="move_topic_btn">
		<value>Przenieś</value>
	</key>
	<key name="move_topic_title">
		<value>Przenieś wątek</value>
	</key>
	<key name="new">
		<value>nowy</value>
	</key>
	<key name="new_topic_body">
		<value>Treść postu</value>
	</key>
	<key name="new_topic_btn">
		<value>Nowy wątek</value>
	</key>
	<key name="new_topic_group">
		<value>Forum</value>
	</key>
	<key name="new_topic_subject">
		<value>Nazwa tematu</value>
	</key>
	<key name="not_all_attachments_added">
		<value>Niektóre załączniki przekraczają dozwolony rozmiar pliku lub ich format nie jest obsługiwany</value>
	</key>
	<key name="no_group">
		<value>Brak grup do wyświetlenia</value>
	</key>
	<key name="no_posts_found">
		<value>Nie znaleziono postu</value>
	</key>
	<key name="no_topic">
		<value>Brak tematów. Bądź pierwsza!</value>
	</key>
	<key name="no_topics">
		<value>Brak tematów</value>
	</key>
	<key name="page_title_uninstall">
		<value>Odinstaluj plugin</value>
	</key>
	<key name="pending_approval">
		<value>&lt;span class="ow_remark ow_small" style="text-transform: none"&gt;(pending approval)&lt;/span&gt;</value>
	</key>
	<key name="permalink_label">
		<value>Wiadomość &lt;a href="{$permalink}"&gt;#{$number}&lt;/a&gt;</value>
	</key>
	<key name="please_enter_keyword_or_user_name">
		<value>Wprowadź słowo kluczowe lub nazwa użytkownika</value>
	</key>
	<key name="plugin_set_for_uninstall">
		<value>Forum plugin uninstall initiated.</value>
	</key>
	<key name="post_attachment">
		<value>Załącznik</value>
	</key>
	<key name="post_edited">
		<value>Post edytowany przez</value>
	</key>
	<key name="post_location">
		<value>Niektóre załączniki przekraczają dozwolony rozmiar pliku lub ich format nie jest obsługiwany:</value>
	</key>
	<key name="quote">
		<value>Cytuj</value>
	</key>
	<key name="replies">
		<value>Odpowiedzi</value>
	</key>
	<key name="search">
		<value>Szukaj</value>
	</key>
	<key name="search_advanced_heading">
		<value>Wyszukiwanie zaawansowane</value>
	</key>
	<key name="search_example_usage">
		<value>Przykład</value>
	</key>
	<key name="search_example_usage_text">
		<value>&lt;b&gt;apple banana&lt;/b&gt; - Find rows that contain at least one of the two words. &lt;br /&gt;
			&lt;b&gt;+apple +juice&lt;/b&gt; - Find rows that contain both words. &lt;br /&gt;
			&lt;b&gt;+apple macintosh&lt;/b&gt; - Find rows that contain the word “apple”, but rank rows higher if they also contain “macintosh”. &lt;br /&gt;
			&lt;b&gt;+apple -macintosh&lt;/b&gt; - Find rows that contain the word “apple” but not “macintosh”. &lt;br /&gt;
			&lt;b&gt;+apple ~macintosh&lt;/b&gt; - Find rows that contain the word “apple”, but if the row also contains the word “macintosh”, rate it lower than if row does not. &lt;br /&gt;
			&lt;b&gt;+apple +(&amp;#x3E;turnover &amp;#x3C;strudel)&lt;/b&gt; - Find rows that contain the words “apple” and “turnover”, or “apple” and “strudel” (in any order), but rank “apple turnover” higher than “apple strudel”. &lt;br /&gt;
			&lt;b&gt;apple*&lt;/b&gt; - Find rows that contain words such as “apple”, “apples”, “applesauce”, or “applet”. &lt;br /&gt;
			&lt;b&gt;"some words"&lt;/b&gt; - Find rows that contain the exact phrase “some words” (for example, rows that contain “some words of wisdom” but not “some noise words”). Note that the “"” characters that enclose the phrase are operator characters that delimit the phrase. They are not the quotation marks that enclose the search string itself.</value>
	</key>
	<key name="search_invitation_all_forum">
		<value>Wyszukaj we wszystkich forach</value>
	</key>
	<key name="search_invitation_group">
		<value>Przeszukaj forum</value>
	</key>
	<key name="search_invitation_section">
		<value>Przeszukaj wątek</value>
	</key>
	<key name="search_invitation_topic">
		<value>Przeszukaj temat</value>
	</key>
	<key name="search_page_heading">
		<value>Forum search</value>
	</key>
	<key name="search_results">
		<value>Przeszukaj wyniki</value>
	</key>
	<key name="select_group_error">
		<value>Wybierz sekcje forum</value>
	</key>
	<key name="seo_meta_adv_search_label">
		<value>Zaawansowane opcje wyszukiwania</value>
	</key>
	<key name="seo_meta_adv_search_result_label">
		<value>Wyniki zaawansowanego wyszukiwania</value>
	</key>
	<key name="seo_meta_group_label">
		<value>Separate Sub-forum Category Page</value>
	</key>
	<key name="seo_meta_group_search_label">
		<value>Podkategorie forum</value>
	</key>
	<key name="seo_meta_home_label">
		<value>Strona główna forum</value>
	</key>
	<key name="seo_meta_section">
		<value>Forum</value>
	</key>
	<key name="seo_meta_section_label">
		<value>Separate Sub-forum Page</value>
	</key>
	<key name="seo_meta_section_search_label">
		<value>Separate Sub-forum Search Page</value>
	</key>
	<key name="seo_meta_topic_label">
		<value>Separate Forum Thread Page</value>
	</key>
	<key name="seo_meta_topic_search_label">
		<value>Forum Thread Search</value>
	</key>
	<key name="settings_updated">
		<value>Zaktualizowano ustawienia</value>
	</key>
	<key name="sort_by_date">
		<value>Data ostatniego postu</value>
	</key>
	<key name="sort_by_relevance">
		<value>Powiązane</value>
	</key>
	<key name="sticky">
		<value>Obserwuj</value>
	</key>
	<key name="sticky_topic">
		<value>Obserwuj</value>
	</key>
	<key name="sticky_topic_confirm">
		<value>Na pewno chcesz obserować ten temat?</value>
	</key>
	<key name="subscribe">
		<value>Subskybuj</value>
	</key>
	<key name="subscribe_confirm">
		<value>Czy na pewno chcesz włączyć subskrybcję?</value>
	</key>
	<key name="subscription-added">
		<value>Dodano subskrypcje</value>
	</key>
	<key name="subscription-canceled">
		<value>Subskrypcja anulowana</value>
	</key>
	<key name="this_topic">
		<value>Ten temat</value>
	</key>
	<key name="topic">
		<value>Temat</value>
	</key>
	<key name="topics">
		<value>Tematy</value>
	</key>
	<key name="topic_attachments">
		<value>{$count}</value>
	</key>
	<key name="topic_is_locked">
		<value>Ten temat jest zablokowany</value>
	</key>
	<key name="topic_is_sticky">
		<value>Ten temat jest obserwowany</value>
	</key>
	<key name="topic_location">
		<value>Lokalizacja wątku:</value>
	</key>
	<key name="topic_page_heading">
		<value>{$topic} | Forum {$content}</value>
	</key>
	<key name="uninstall_inprogress">
		<value>W trakcie przetwarzania</value>
	</key>
	<key name="uninstall_inprogress_desc">
		<value>Poczekaj chwilę, zawartość jest w trakcie usuwania.</value>
	</key>
	<key name="unlock_topic">
		<value>Odblokuj</value>
	</key>
	<key name="unlock_topic_confirm">
		<value>Na pewno odblokować ten temat?</value>
	</key>
	<key name="unsticky_topic">
		<value>Usuń z obserwowanych wątków</value>
	</key>
	<key name="unsticky_topic_confirm">
		<value>Ten wątek już nie będzie przez Ciebie obserwowany. Czy chcesz kontynuować?</value>
	</key>
	<key name="unsubscribe">
		<value>Przestań subskrybować</value>
	</key>
	<key name="unsubscribe_confirm">
		<value>Na pewno chcesz przestać subskrybować?</value>
	</key>
	<key name="upload_ini_value">
		<value>(Server limit: {$value})</value>
	</key>
	<key name="usercredits_action_add_post">
		<value>Post na forum</value>
	</key>
	<key name="views">
		<value>Odsłony</value>
	</key>
	<key name="view_quote">
		<value>Zobacz wątek</value>
	</key>
	<key name="visible_to">
		<value>Visible for user roles</value>
	</key>
	<key name="where_to_search">
		<value>Gdzie szukać</value>
	</key>
	<key name="widget_latest_topics_label">
		<value>Forum</value>
	</key>
	<key name="write_reply">
		<value>Napisz odpowiedź...</value>
	</key>
</prefix>
