<?xml version="1.0" encoding="utf-8"?>
<prefix name="friends" label="Friends" language_tag="pl-PL" language_label="Polski">
    <key name="accept_request">
        <value>Zaakceptuj</value>
    </key>
    <key name="activity_content">
        <value>{$user_avatar} {$requester_avatar}</value>
    </key>
    <key name="activity_title">
        <value>&lt;a href="{$user_url}"&gt;{$name}&lt;/a&gt; and &lt;a href="{$requester_url}"&gt;{$requester_name}&lt;/a&gt; są teraz znajomymi</value>
    </key>
    <key name="add_to_friends">
        <value>Dodaj do znajomych</value>
    </key>
    <key name="auth_action_label_add_friend">
        <value>Wysłano prośbę dodania do znajomych</value>
    </key>
    <key name="auth_group_label">
        <value>Znajome</value>
    </key>
    <key name="cancel_request">
        <value>Odmów</value>
    </key>
    <key name="comment_activity_string">
        <value>commented on {$user1} and {$user2} now being friends</value>
    </key>
    <key name="confirmed_mail_html">
        <value>&lt;p&gt;&#13;Dear {$sender},&#13;&lt;/p&gt;&#13;&lt;p&gt;&#13;We are glad to let you know that &lt;a href="{$receiver_url}"&gt;{$receiver}&lt;/a&gt; confirmed you as a friend on &lt;a href="{$site_url}"&gt;{$site_name}&lt;/a&gt;.&#13;&lt;/p&gt;&#13;&lt;p&gt;&#13;Thank you,&lt;br /&gt;&#13;Administration&lt;br /&gt;&#13;&lt;a href="{$site_url}"&gt;{$site_name}&lt;/a&gt;&#13;&lt;/p&gt;</value>
    </key>
    <key name="confirmed_mail_subject">
        <value>{$receiver} potwierdziła Twoje zaproszenie do grona znajomych</value>
    </key>
    <key name="confirmed_mail_txt">
        <value>Droga {$sender},&#13;&#13;Z radoscią informujemy Cię że {$receiver} zaakceptowała prośbę dodania do grona znajomych {$site_name}.&#13;&#13;{$receiver}'s profile: {$receiver_url}&#13;{$site_name}: {$site_url}&#13;&#13;Życzymy Wam ciekawych rozmów. Pozdrawiamy, zespół Frenda,&#13;Administration&#13;{$site_name}&#13;{$site_url}</value>
    </key>
    <key name="console_requests_title">
        <value>Zaproszenia do grona znajomych</value>
    </key>
    <key name="console_request_item">
        <value>&lt;a target="_blank" href="{$userUrl}"&gt;{$displayName}&lt;/a&gt; chciałaby nawiązać z Tobą kontakt.</value>
    </key>
    <key name="email_notifications_setting_accept">
        <value>Zaakceptowano Twoje zaproszenie do grona znajomych</value>
    </key>
    <key name="email_notifications_setting_request">
        <value>Wysałano zaproszenie do grona znajomych</value>
    </key>
    <key name="feedback_cancelled">
        <value>Odrzucono</value>
    </key>
    <key name="feedback_request_accepted">
        <value>Dodano nową znajomą</value>
    </key>
    <key name="feedback_request_already_sent_error_message">
        <value>Zaproszenie wysłane</value>
    </key>
    <key name="feedback_request_ignored">
        <value>Zaproszenie odrzucone</value>
    </key>
    <key name="feedback_request_was_sent">
        <value>Wysłano zaproszenie do grona znajomych</value>
    </key>
    <key name="feed_content_label">
        <value>Znajome</value>
    </key>
    <key name="friendship_management_area">
        <value>Zarządzaj listą znajomych</value>
    </key>
    <key name="friends_tab">
        <value>Friends {$count}</value>
    </key>
    <key name="friend_requests">
        <value>Friend requests</value>
    </key>
    <key name="friend_request_was_sent">
        <value>Wysłano zaproszenie do grona znajomych</value>
    </key>
    <key name="got_requests_tab">
        <value>Otrzymano zaproszenia do grona znajomych {$count}</value>
    </key>
    <key name="ignore_request">
        <value>Odrzuć</value>
    </key>
    <key name="like_activity_string">
        <value> {$user1} i {$user2} są teraz znajomymi</value>
    </key>
    <key name="my_friends_page_heading">
        <value>Moje znajome</value>
    </key>
    <key name="my_friends_page_title">
        <value>Moje koleżanki - {$site_name}</value>
    </key>
    <key name="newsfeed_action_string">
        <value>i &lt;a href="{$user_url}"&gt;{$name}&lt;/a&gt; są teraz znajomymi</value>
    </key>
    <key name="new_friend_added">
        <value>Dodano nową znajomą</value>
    </key>
    <key name="notification_section_label">
        <value>Znajomi</value>
    </key>
    <key name="notify_accept">
        <value>{$receiver} zaakceptowała zaproszenie do grona znajomych.</value>
    </key>
    <key name="notify_request">
        <value>{$sender} chciałaby nawiązać z Tobą kontakt.</value>
    </key>
    <key name="notify_request_content">
        <value>&lt;p&gt;&#13;&lt;a href="{$request_url}"&gt;Kliknij tutaj&lt;/a&gt; żeby zaakceptować zaproszenie do grona znajomych.&#13;&lt;/p&gt;</value>
    </key>
    <key name="notify_request_content_string">
        <value>&lt;p&gt;&#13;&lt;a href="{$url}"&gt;Kliknij tutaj&lt;/a&gt; żeby zobaczyć wszytskie zaproszenia do grona znajomych.&#13;&lt;/p&gt;</value>
    </key>
    <key name="notify_request_string">
        <value>&lt;a href="{$userUrl}"&gt;{$displayName}&lt;/a&gt; chciałaby się z Tobą skontaktować. Zaakceptuj zaproszenie aby dodać do znajomych</value>
    </key>
    <key name="privacy_action_view_friends">
        <value>Kto może widzieć listę moich znajomych</value>
    </key>
    <key name="privacy_friends_only">
        <value>znajomymi</value>
    </key>
    <key name="remove_from_friends">
        <value>Usuń z listy znajomych</value>
    </key>
    <key name="remove_from_friendship_button">
        <value>Usuń z listy znajomychs</value>
    </key>
    <key name="request_friendship_button">
        <value>Wyślij zaproszenie do grona znajomych</value>
    </key>
    <key name="request_mail_html">
        <value></value>
    </key>
    <key name="request_mail_subject">
        <value>{$sender} chciałby nawiązać z Tobą kontakt. Zaakceptuj zaproszenie aby dodać do znajomych</value>
    </key>
    <key name="request_mail_txt">
        <value></value>
    </key>
    <key name="sent_requests_tab">
        <value>Zaproszenia {$count}</value>
    </key>
    <key name="usercredits_action_add_friend">
        <value>WYślij zaproszenie</value>
    </key>
    <key name="user_friends_page_heading">
        <value>znajome {$user}</value>
    </key>
    <key name="user_friends_page_title">
        <value>znajome {$user} - {$site_name}</value>
    </key>
    <key name="user_widget_empty">
        <value>Nie masz jeszcze koleżanek</value>
    </key>
    <key name="user_widget_settings_count">
        <value>Count</value>
    </key>
    <key name="user_widget_title">
        <value>Znajome</value>
    </key>
    <key name="view_profile">
        <value>Zobacz</value>
    </key>
    <key name="widget_friends">
        <value>Znajome</value>
    </key>
    <key name="widget_got_requests">
        <value>Otrzymane zaproszenia</value>
    </key>
    <key name="widget_sent_requests">
        <value>Wyślij zaproszenia</value>
    </key>
    <key name="widget_title">
        <value>Znajome</value>
    </key>
</prefix>