<?xml version="1.0" encoding="utf-8"?>
<prefix name="indexlogin" label="Set Sign-In Page as Landing Page" language_tag="pl-PL" language_label="Polski">
    <key name="admin_donate_heading">
        <value>EwtNet Spotlight</value>
    </key>
    <key name="admin_settings_heading">
        <value>Menu Setting</value>
    </key>
    <key name="indexlogin_admin_donate">
        <value>Spotlight</value>
    </key>
    <key name="indexlogin_admin_settings">
        <value>Setting</value>
    </key>
    <key name="indexlogin_setting_msg">
        <value>To set your sign-in page as your website landing page, simply navigate to Pages=&gt;Manage Pages and drag the 'Sign In' menu item to the first place:</value>
    </key>
    <key name="sign_in">
        <value>Sign In</value>
    </key>
    <key name="spotlight_title">
        <value>Spotlight</value>
    </key>
</prefix>
