<?xml version="1.0" encoding="utf-8"?>
<prefix name="mailbox" label="Messages" language_tag="pl-PL" language_label="Polski">
    <key name="about_hour">
        <value>około 1 godziny</value>
    </key>
    <key name="about_hours">
        <value>około %d godzin</value>
    </key>
    <key name="about_minute">
        <value>około 1 min</value>
    </key>
    <key name="about_month">
        <value>około 1 miesiąca</value>
    </key>
    <key name="about_year">
        <value>około jednego roku</value>
    </key>
    <key name="actions">
        <value>Działania</value>
    </key>
    <key name="add_button">
        <value>Wyślij</value>
    </key>
    <key name="add_message">
        <value>Dodano nową wiadomość</value>
    </key>
    <key name="admin_config">
        <value>Messages - Plugin Settings</value>
    </key>
    <key name="admin_settings_title">
        <value>Ustawienia wiadomości</value>
    </key>
    <key name="ago">
        <value>temu</value>
    </key>
    <key name="and">
        <value>i</value>
    </key>
    <key name="api_read_the_message">
        <value>Przeczytaj wiadomość (use credits)</value>
    </key>
    <key name="attache_file_delete_button">
        <value>skasuj</value>
    </key>
    <key name="attachment">
        <value>Załącznik</value>
    </key>
    <key name="attachments">
        <value>Załączniki</value>
    </key>
    <key name="attach_files">
        <value>Załącz pliki</value>
    </key>
    <key name="auth_action_label_chat">
        <value>Włącz czat</value>
    </key>
    <key name="auth_action_label_read_chat_message">
        <value>Przeczytaj wiadomości czatu</value>
    </key>
    <key name="auth_action_label_read_message">
        <value>Przeczytaj wiadomości</value>
    </key>
    <key name="auth_action_label_read_message_alt">
        <value>Czytaj wiadomośći</value>
    </key>
    <key name="auth_action_label_reply_to_chat_message">
        <value>Odpowiedz na wiadomość czatu </value>
    </key>
    <key name="auth_action_label_reply_to_message">
        <value>Odpowiedz na wiadomość</value>
    </key>
    <key name="auth_action_label_reply_to_message_alt">
        <value>Kontunuuj wiadomość</value>
    </key>
    <key name="auth_action_label_send_chat_message">
        <value>Rozpocznij rozmowę w oknie czatu</value>
    </key>
    <key name="auth_action_label_send_message">
        <value>Rozpocznij rozmowę</value>
    </key>
    <key name="auth_action_label_send_message_alt">
        <value>Rozpocznij rozmowę</value>
    </key>
    <key name="auth_action_label_use_chat">
        <value>Włącz czat</value>
    </key>
    <key name="auth_group_label">
        <value>Wiadomośći</value>
    </key>
    <key name="a_day">
        <value>dzień</value>
    </key>
    <key name="between">
        <value>między</value>
    </key>
    <key name="bulk_delete_conversations_btn">
        <value>Usuń</value>
    </key>
    <key name="bulk_mark_as_read_btn">
        <value>Oznacz jako przeczytane</value>
    </key>
    <key name="bulk_mark_unread_btn">
        <value>Oznacz jako nieprzeczytane</value>
    </key>
    <key name="bulk_options">
        <value>Wszytskie opcje</value>
    </key>
    <key name="can_not_display_entitytype_message">
        <value>Nie można wyświetlić "{$entityType}" wiadomości.</value>
    </key>
    <key name="change_privacy_settings">
        <value>Zmień ustawnienia wiadomości</value>
    </key>
    <key name="chat">
        <value>Czat</value>
    </key>
    <key name="chat_message_empty">
        <value>Wiadomość jest pusta</value>
    </key>
    <key name="chat_subject_prefix">
        <value>...</value>
    </key>
    <key name="check_all">
        <value>Sprawdź wszystkie</value>
    </key>
    <key name="check_now_button">
        <value>Sprawdź</value>
    </key>
    <key name="click_to_read_messages">
        <value>Kliknij aby przeczytać wiadomości</value>
    </key>
    <key name="close_new_message_window_confirmation">
        <value>Czy chcesz zamknąć nowe okno wiadomości?</value>
    </key>
    <key name="compose_message">
        <value>Utwórz wiadomość</value>
    </key>
    <key name="confirm_conversation_delete">
        <value>Na pewno chcesz usunąć?</value>
    </key>
    <key name="confirm_delete_im">
        <value>Na pewno chcesz usunąć?</value>
    </key>
    <key name="console_request_item">
        <value>&lt;div class="ow_console_mailbox_cont" target="_blank"&gt;&#13;
        &lt;div class="ow_console_mailbox_title"&gt;&lt;a target="_blank" href="{$userUrl}"&gt;{$displayName}&lt;/a&gt;&lt;/div&gt;&#13;
        &lt;div class="ow_console_mailbox_txt"&gt;&#13;
            {$text}&#13;
        &lt;/div&gt;&#13;
    &lt;/div&gt;</value>
    </key>
    <key name="conversations">
        <value>Rozmowy</value>
    </key>
    <key name="conversation_box_info">
        <value>Showing {$showing} messages of {$total} total, {$new} new</value>
    </key>
    <key name="conversation_empty">
        <value>Nie masz jeszcze żadnych wiadomości</value>
    </key>
    <key name="conversation_item_list_empty">
        <value>Twoja lista rozmów jest pusta</value>
    </key>
    <key name="conversation_label">
        <value>Rozmowa</value>
    </key>
    <key name="conversation_meta_tilte">
        <value>{$conversation_title} - {$site_name}</value>
    </key>
    <key name="conversation_not_found">
        <value>Nie znaleziono wiadomości</value>
    </key>
    <key name="create_conversation_button">
        <value>Wyślij wiadomość prywatną</value>
    </key>
    <key name="create_conversation_fail_message">
        <value>Nie wysłano wiadomości</value>
    </key>
    <key name="create_conversation_message">
        <value>Wiadomość została wysłana</value>
    </key>
    <key name="days">
        <value>%d dni</value>
    </key>
    <key name="delete_button">
        <value>Usuń</value>
    </key>
    <key name="delete_chat">
        <value>Usuń czat</value>
    </key>
    <key name="delete_chat_desc">
        <value>Before uninstalling Messages plugin we have to remove all existing users' chat content. This may take awhile.</value>
    </key>
    <key name="delete_confirm_message">
        <value>Czy na pewno chcesz usunąc zaznaczone wiadomości?</value>
    </key>
    <key name="delete_content_warning">
        <value>Ostrzeżenie</value>
    </key>
    <key name="delete_conversation_button">
        <value>Usuń wiadomość</value>
    </key>
    <key name="delete_conversation_link">
        <value>Usuń</value>
    </key>
    <key name="delete_conversation_message">
        <value>Rozmowa została usunięta</value>
    </key>
    <key name="delete_conversation_title">
        <value>Usuń historię</value>
    </key>
    <key name="delete_message">
        <value>Usunięte wiadomości: {$count}</value>
    </key>
    <key name="email_notifications_comment">
        <value>Nowa &lt;a href="{$conversationUrl}" &gt;wiadomość&lt;/a&gt; od &lt;a href="{$userUrl}"&gt;{$userName}&lt;/a&gt;</value>
    </key>
    <key name="email_notifications_new_message">
        <value>Nowa wiadomość</value>
    </key>
    <key name="email_notifications_section_label">
        <value>Wiadomości</value>
    </key>
    <key name="enable_attachments">
        <value>Włącz załączniki plików</value>
    </key>
    <key name="enable_sound_label">
        <value>Włącz dźwięk</value>
    </key>
    <key name="feedback_send_message_interval_exceed">
        <value>Masowe wysyłanie wiadomości jest zablokowane. Poczekaj {$send_message_interval} sekund zanim wyślesz ponownie wiadomość.</value>
    </key>
    <key name="file_attachment_disabled">
        <value>Załączniki plików wyłączone</value>
    </key>
    <key name="find_contact">
        <value>Znajdź kontakt</value>
    </key>
    <key name="friends_online">
        <value>Znajomi online</value>
    </key>
    <key name="from_now">
        <value>od teraz</value>
    </key>
    <key name="general_settings">
        <value>Ogólne ustawienia</value>
    </key>
    <key name="general_settings_title">
        <value>Ogólne ustawienia</value>
    </key>
    <key name="inbox_label">
        <value>Skrzynka odbiorcza</value>
    </key>
    <key name="inbox_meta_tilte">
        <value>Moje wiadomości - {$site_name}</value>
    </key>
    <key name="keep_unread_button">
        <value>Nieprzeczytane</value>
    </key>
    <key name="label_btn_chat">
        <value>Czaty</value>
    </key>
    <key name="label_btn_mail">
        <value>Maile</value>
    </key>
    <key name="label_btn_mailchat">
        <value>Maile + Czaty</value>
    </key>
    <key name="label_btn_new_message">
        <value>Nowe wiadomości</value>
    </key>
    <key name="label_invitation_conversation_search">
        <value>Szukaj</value>
    </key>
    <key name="last_message_sent">
        <value>Ostatnia wysłana wiadomość</value>
    </key>
    <key name="less_than_minute">
        <value>mniej niż 1 minuta</value>
    </key>
    <key name="load_earlier">
        <value>Załaduj wcześniejsze wiadomości</value>
    </key>
    <key name="mailbox">
        <value>Skrzynka dbiorcza</value>
    </key>
    <key name="mailbox_console_title">
        <value>Wiadomości</value>
    </key>
    <key name="mail_subject_prefix">
        <value>Temat: </value>
    </key>
    <key name="mark_as_read_button">
        <value>Oznacz jako przeczytane</value>
    </key>
    <key name="mark_as_unread_button">
        <value>Oznacz jako nieprzeczytane</value>
    </key>
    <key name="mark_conversation_read_message">
        <value>Wiadomośc została oznaczona jako przeczytana</value>
    </key>
    <key name="mark_conversation_unread_message">
        <value>Wiadomośc została oznaczona jako nieprzeczytana</value>
    </key>
    <key name="mark_read_fail_message">
        <value>Oznaczenie wiadomości zakończone niepowodzeniem</value>
    </key>
    <key name="mark_read_message">
        <value>wiadomośći oznaczone jako przeczytane: {$count}</value>
    </key>
    <key name="mark_unread_conversation_title">
        <value>Oznacz jako nieprzeczytane</value>
    </key>
    <key name="mark_unread_fail_message">
        <value>Oznaczenie wiadomości zakończone niepowodzeniem</value>
    </key>
    <key name="mark_unread_message">
        <value>wiadomośći oznaczone jako przeczytane: {$count} </value>
    </key>
    <key name="mb">
        <value>Mb</value>
    </key>
    <key name="messages_console_title">
        <value>Wiadomości</value>
    </key>
    <key name="messages_email_notifications_new_chat_message">
        <value>Nowa wiadomość czatu</value>
    </key>
    <key name="messages_email_notifications_new_message">
        <value>Nowa wiadomość w skrzynce</value>
    </key>
    <key name="messages_email_notifications_section_label">
        <value>Wiadomośći</value>
    </key>
    <key name="message_invitation">
        <value>Wiadomość</value>
    </key>
    <key name="message_too_long_error">
        <value>Ops, to zbyt dużo symboli! Spróbuj napisać krótszą wiadomość, użyj mniej niż {$maxLength} symboli.</value>
    </key>
    <key name="message_was_not_authorized">
        <value>Wiadomość nie została zautoryzowana</value>
    </key>
    <key name="minutes">
        <value>%d minut</value>
    </key>
    <key name="months">
        <value>%d miesięcy</value>
    </key>
    <key name="msg_settings_saved">
        <value>Ustawienia zapisane</value>
    </key>
    <key name="new_conversation_link">
        <value>nowy</value>
    </key>
    <key name="new_message">
        <value>*** Nowa wiadomość ***</value>
    </key>
    <key name="new_message_count">
        <value>{$count} new</value>
    </key>
    <key name="new_message_count_text">
        <value>Nowe wiadomości: {$count}</value>
    </key>
    <key name="new_message_title">
        <value>Nowa wiadomość</value>
    </key>
    <key name="new_message_to">
        <value>Nowa wiadomość do</value>
    </key>
    <key name="notification_mail_subject">
        <value>Nowa wiadomość od {$sendername}</value>
    </key>
    <key name="notification_mail_template_html">
        <value>Witaj {$username},&lt;br/&gt;&#13;
&lt;br/&gt;&#13;
Otrzymałaś nową wiadomość od {$sendername} na serwisie społecznościowym {$site_name}.&lt;br/&gt;&#13;
&lt;br/&gt;&#13;
Przejdź do &lt;a href="{$replyUrl}"&gt;{$replyUrl}&lt;/a&gt; Aby odpisać na tą wiadomość. Nie każ jej długo czekać, może to początek nowej przyjaźni! &lt;br/&gt;&#13;
&lt;br/&gt;&#13;
Pozdrawiamy, administracja {$site_name}</value>
    </key>
    <key name="notification_mail_template_text">
        <value>Witaj {$username},&#13;
&#13;
Otrzymałaś nową wiadomość od {$sendername}  na serwisie społecznościowym {$site_name}.&#13;
&#13;
Przejdź do {$replyUrl} Aby odpisać na tą wiadomość. Nie każ jej długo czekać, może to początek nowej przyjaźni! &#13;
&#13;
Pozdrawiamy, administracja {$site_name}</value> 
    </key>
    <key name="no_contacts_online">
        <value>Brak kontaktów online</value>
    </key>
    <key name="no_conversations">
        <value>Brak nowych wiadomości</value>
    </key>
    <key name="others_online">
        <value>Inni</value>
    </key>
    <key name="page_heading_messages">
        <value>Wiadomości</value>
    </key>
    <key name="page_title_uninstall">
        <value>Odinstaluj Messages plugin</value>
    </key>
    <key name="permission_denied">
        <value>Permission denied</value>
    </key>
    <key name="please_enter_captcha">
        <value>Zanim wyślesz wiadomość musimy upewnić się, że jesteś człowiekiem. Prosimy potwierdzić kod zabezpieczający:</value>
    </key>
    <key name="please_enter_valid_value">
        <value>Wartość nieprawidłowa.</value>
    </key>
    <key name="plugin_configuration_notice">
        <value>The &lt;i&gt;Messages&lt;/i&gt; plugin is being installed. Time for completing the installation depends on the number of users and cron schedule. &lt;br /&gt;Installed so far: {$percents}%</value>
    </key>
    <key name="plugin_installation_notice">
        <value>The &lt;i&gt;Messages&lt;/i&gt; plugin is being installed. Time for completing the installation depends on the number of users and cron schedule. &lt;br /&gt;Installed so far: {$percents}%</value>
    </key>
    <key name="plugin_set_for_uninstall">
        <value>'Messages' plugin uninstall initiated.</value>
    </key>
    <key name="privacy_action_invite_to_chat">
        <value>Kto może zaprosić mnie do czatu</value>
    </key>
    <key name="read_chat_message_permission_denied">
        <value>Nie masz wystarczających uprawnień żeby przeczytać tą widomość.</value>
    </key>
    <key name="read_message_permission_denied">
        <value>Nie masz wystarczających uprawnień żeby przeczytać tą widomość.</value>
    </key>
    <key name="read_permission_denied">
        <value>Nie masz wystarczających uprawnień żeby przeczytać tą widomość.</value>
    </key>
    <key name="read_the_message">
        <value>Przeczytaj wiadomość</value>
    </key>
    <key name="recipient_is_required">
        <value>Recipient is not selected</value>
    </key>
    <key name="reply_to_chat_message_permission_denied">
        <value>Nie masz wystarczających uprawnień żeby odpisać na tą widomość.</value>
    </key>
    <key name="reply_to_chat_message_promoted">
        <value>Please subscribe or buy credits to reply to chat message</value>
    </key>
    <key name="reply_to_message_permission_denied">
        <value>You do not have enough permissions to reply to messages.</value>
    </key>
    <key name="reply_to_message_promoted">
        <value>Please subscribe or buy credits to reply to conversation</value>
    </key>
    <key name="save_btn">
        <value>Zapisz zmiany</value>
    </key>
    <key name="selected_label">
        <value>Selected</value>
    </key>
    <key name="select_all_checkbox">
        <value>Wszystko</value>
    </key>
    <key name="send">
        <value>Wyślij</value>
    </key>
    <key name="send_button">
        <value>Wyślij</value>
    </key>
    <key name="send_chat_message_permission_denied">
        <value>Nie masz wystarczających uprawnień aby wysłać tą wiadomość.</value>
    </key>
    <key name="send_chat_message_promoted">
        <value>Please subscribe or buy credits to send chat message</value>
    </key>
    <key name="send_message">
        <value>Wyślij wiadomość</value>
    </key>
    <key name="send_message_failed">
        <value>Failed to send message:</value>
    </key>
    <key name="send_message_permission_denied">
        <value>You do not have enough permissions to write  messages.</value>
    </key>
    <key name="send_message_promoted">
        <value>Please subscribe or buy credits to send messages</value>
    </key>
    <key name="sent_button">
        <value>Sent</value>
    </key>
    <key name="sent_label">
        <value>Sent</value>
    </key>
    <key name="sent_message_form_label">
        <value>Compose reply</value>
    </key>
    <key name="sent_meta_tilte">
        <value>Sent messages - {$site_name}</value>
    </key>
    <key name="settings">
        <value>Installation</value>
    </key>
    <key name="settings_desc_show_all_members">
        <value>Really bad idea for big sites</value>
    </key>
    <key name="settings_friends_only_label">
        <value>Tylko znajomi</value>
    </key>
    <key name="settings_label_active_mode_list">
        <value>Wybierz tryb wiadomości</value>
    </key>
    <key name="settings_label_send_message_interval">
        <value>Allow to send messages once in</value>
    </key>
    <key name="settings_label_send_message_interval_seconds">
        <value>sek</value>
    </key>
    <key name="settings_label_show_all_members">
        <value>Pokaż wszytkich</value>
    </key>
    <key name="settings_saved">
        <value>Ustawienia zapisane</value>
    </key>
    <key name="settings_updated">
        <value>Ustawienia zaktualizowane</value>
    </key>
    <key name="show_all_users">
        <value>Pokaż wszystkich użytkowników</value>
    </key>
    <key name="show_online_only">
        <value>Pokaż tylko użytkowników online</value>
    </key>
    <key name="silent_mode_off">
        <value>Włącz dźwięk</value>
    </key>
    <key name="silent_mode_on">
        <value>Wyłącz dźwięk</value>
    </key>
    <key name="status_invisible_label">
        <value>Niewidoczne dla wszystkich</value>
    </key>
    <key name="subject">
        <value>Temat</value>
    </key>
    <key name="subject_is_required">
        <value>Wpisz temat</value>
    </key>
    <key name="switch_to_chat_mode">
        <value>Otwórz w oknie czatu</value>
    </key>
    <key name="text">
        <value>Tekst</value>
    </key>
    <key name="text_message_invitation">
        <value>Wiadomość tekstowa</value>
    </key>
    <key name="to">
        <value>Do</value>
    </key>
    <key name="uninstall_inprogress">
        <value>In progress</value>
    </key>
    <key name="uninstall_inprogress_desc">
        <value>The &lt;i&gt;Messages&lt;/i&gt; plugin is being uninstalled. Time for completing the uninstallation depends on the number of users and cron schedule. &lt;br /&gt;Uninstalled so far: {$percents}%</value>
    </key>
    <key name="upload_file_cant_write_file_error">
        <value>Failed to write file to disk.</value>
    </key>
    <key name="upload_file_count_files_error">
        <value>Dodano zbyt dużo plików!</value>
    </key>
    <key name="upload_file_delete_fail">
        <value>Wystąpił błąd!</value>
    </key>
    <key name="upload_file_delete_success">
        <value>Usunięto</value>
    </key>
    <key name="upload_file_extension_is_not_allowed">
        <value>The file extention is not allowed.</value>
    </key>
    <key name="upload_file_fail">
        <value>Błąd ładowania pliku!</value>
    </key>
    <key name="upload_file_file_partially_uploaded_error">
        <value>Błąd, załądowano tylko część pliku.</value>
    </key>
    <key name="upload_file_invalid_extention_error">
        <value>A PHP extension stopped the file upload. PHP does not provide a way to ascertain which extension caused the file upload to stop.</value>
    </key>
    <key name="upload_file_max_upload_filesize_error">
        <value>The uploaded file exceeds the max upload filesize.</value>
    </key>
    <key name="upload_file_name">
        <value>Plik {$file_name} :</value>
    </key>
    <key name="upload_file_not_found">
        <value>Nie znaleziono pliku!</value>
    </key>
    <key name="upload_file_no_file_error">
        <value>Nie załadowano pliku.</value>
    </key>
    <key name="upload_file_no_tmp_dir_error">
        <value>Błąd.</value>
    </key>
    <key name="upload_max_file_size">
        <value>Maksymalny rozmiar załącznika</value>
    </key>
    <key name="usercredits_action_read_chat_message">
        <value>Pzeczytaj wiadomośći czatu</value>
    </key>
    <key name="usercredits_action_read_message">
        <value>Przeczytaj wiadomości prywatne</value>
    </key>
    <key name="usercredits_action_reply_to_chat_message">
        <value>Kontynuuj rozmowę w oknie czatu</value>
    </key>
    <key name="usercredits_action_reply_to_message">
        <value>Kontynuuj rozmowę</value>
    </key>
    <key name="usercredits_action_send_chat_message">
        <value>Napisz wiadomość</value>
    </key>
    <key name="usercredits_action_send_message">
        <value>Rozpocznij rozmowę na czacie</value>
    </key>
    <key name="userlist">
        <value>Lista użytkowników</value>
    </key>
    <key name="user_is_deleted">
        <value>Osoba z którą próbujesz się skontaktować usunęła konto.</value>
    </key>
    <key name="user_is_not_approved">
        <value>Osoba z którą próbujesz się skontaktować nie została zweryfikowana.</value>
    </key>
    <key name="user_is_not_authorized_chat">
        <value>'{$username}' nie została zweryfikowana aby móc korzystać z czatu</value>
    </key>
    <key name="user_is_not_authorized_read_messages">
        <value>Osoba nie została zweryfikowana aby czytać wiadomości</value>
    </key>
    <key name="user_is_not_verified">
        <value>Osoba, z którą próbujesz się skontaktować nie została zweryfikowana.</value>
    </key>
    <key name="user_is_offline">
        <value>[username] jest już offline</value>
    </key>
    <key name="user_is_online">
        <value>[username] jest online</value>
    </key>
    <key name="user_is_suspended">
        <value>Osoba, z którą próbujesz się skontaktować została zablokowana.</value>
    </key>
    <key name="user_is_unreachable">
        <value>Osoba, z którą próbujesz się skontaktować została zablokowana.</value>
    </key>
    <key name="user_not_found">
        <value>Nie znaleziono użytkownika</value>
    </key>
    <key name="user_offline">
        <value>Offline</value>
    </key>
    <key name="user_settings_link">
        <value>Ustawienia</value>
    </key>
    <key name="user_settings_submit_label">
        <value>Zapisz ustawienia</value>
    </key>
    <key name="user_settings_title">
        <value>Ustawienia wiadomości</value>
    </key>
    <key name="user_went_offline">
        <value>{$displayname} went offline</value>
    </key>
    <key name="use_chat">
        <value>Użyj czatu</value>
    </key>
    <key name="use_chat_permission_denied">
        <value>Nie masz wystarczających uprawnień.</value>
    </key>
    <key name="view_all">
        <value>Zobacz wszytskie</value>
    </key>
    <key name="warning_user_privacy_friends_only">
        <value>{$displayname} akceptuj wiadomości czatu tylko od znajomych</value>
    </key>
    <key name="wink_conversation_subject">
        <value>Wink</value>
    </key>
    <key name="write_here">
        <value>Możesz napisać swoją odpowiedź tutaj...</value>
    </key>
    <key name="write_permission_denied">
        <value>Nie masz wsystarczających uprawnień.</value>
    </key>
    <key name="write_reply">
        <value>Napisz odpowiedź...</value>
    </key>
    <key name="years">
        <value>%d lat</value>
    </key>
    <key name="you">
        <value>ty</value>
    </key>
</prefix>
