<?xml version="1.0" encoding="utf-8"?>
<prefix name="newsfeed" label="Newsfeed" language_tag="pl-PL" language_label="Polski">
    <key name="activity_string_self_status_like">
        <value>lubi status</value>
    </key>
    <key name="activity_string_status_comment">
        <value>skomentowała ststus {$user}</value>
    </key>
    <key name="activity_string_status_like">
        <value>lubi status {$user} </value>
    </key>
    <key name="activity_string_status_self_comment">
        <value>skometowały status</value>
    </key>
    <key name="admin_allow_comments_label">
        <value>Włącz komentarze</value>
    </key>
    <key name="admin_allow_likes_label">
        <value>Włącz polubienia</value>
    </key>
    <key name="admin_comments_count_desc">
        <value>Liczba komentarzy pozycji wyświetlanych domyślnie w trybie rozszerzonym.</value>
    </key>
    <key name="admin_comments_count_label">
        <value>Expanded comments</value>
    </key>
    <key name="admin_customization_legend">
        <value>Tutaj możesz kontrolować, jaki rodzaj treści jest pokazywany w kanale. Należy pamiętać, że wszelkie zmiany zostaną zastosowane tylko do nowych informacji.</value>
    </key>
    <key name="admin_features_expanded_label">
        <value>Expanded likes and comments by default</value>
    </key>
    <key name="admin_index_status_label">
        <value>Włącz aktualizacje statusu na stronie indeksu</value>
    </key>
    <key name="admin_menu_item_customization">
        <value>Zawartość</value>
    </key>
    <key name="admin_menu_item_settings">
        <value>Ustawienia</value>
    </key>
    <key name="admin_page_heading">
        <value>Profil</value>
    </key>
    <key name="admin_page_title">
        <value>Profil</value>
    </key>
    <key name="admin_save_btn">
        <value>Zapisz</value>
    </key>
    <key name="admin_settings_title">
        <value>Ustawienia</value>
    </key>
    <key name="auth_action_label_add_comment">
        <value>Zezwalaj na komentarze dotyczące aktualizacji statusu</value>
    </key>
    <key name="auth_action_label_allow_status_update">
        <value>Zezwalaj na aktualizacje statusu</value>
    </key>
    <key name="auth_group_label">
        <value>Profil</value>
    </key>
    <key name="comment_btn_label">
        <value>Komentuj</value>
    </key>
    <key name="content_group_label">
        <value>Profil</value>
    </key>
    <key name="content_status_label">
        <value>Status zaktualizowany</value>
    </key>
    <key name="customization_changed">
        <value>Ustawienia zapisane</value>
    </key>
    <key name="customization_not_changed">
        <value>Ustawienia nie zostały zmienione</value>
    </key>
    <key name="delete_feed_item_label">
        <value>Usuń post</value>
    </key>
    <key name="delete_feed_item_user_label">
        <value>Usuń użytkownika</value>
    </key>
    <key name="email_notifications_empty_status_comment">
        <value>&lt;a href="{$userUrl}"&gt;{$userName}&lt;/a&gt; commented on your status.</value>
    </key>
    <key name="email_notifications_empty_status_like">
        <value>&lt;a href="{$userUrl}"&gt;{$userName}&lt;/a&gt; lubi Twój status.</value>
    </key>
    <key name="email_notifications_section_label">
        <value>Profil</value>
    </key>
    <key name="email_notifications_setting_status_comment">
        <value>Skomentowano status</value>
    </key>
    <key name="email_notifications_setting_status_like">
        <value>Polubiono status</value>
    </key>
    <key name="email_notifications_setting_user_status">
        <value>Dodano komentarz w Twoim profilu</value>
    </key>
    <key name="email_notifications_status_comment">
        <value>&lt;a href="{$userUrl}"&gt;{$userName}&lt;/a&gt; skomentowała Twój status "&lt;a href="{$url}"&gt;{$status}&lt;/a&gt;".</value>
    </key>
    <key name="email_notifications_status_like">
        <value>&lt;a href="{$userUrl}"&gt;{$userName}&lt;/a&gt; polubiła Twój status "&lt;a href="{$url}"&gt;{$status}&lt;/a&gt;".</value>
    </key>
    <key name="empty_feed_message">
        <value>Brak wiadomości</value>
    </key>
    <key name="feed_action_deleted_message">
        <value>Wiadomość usunięta</value>
    </key>
    <key name="feed_activity_users">
        <value>Liczba użytkowników: &lt;span class="ow_txt_value"&gt;{$usersCount}&lt;/span&gt;</value>
    </key>
    <key name="feed_delete_item_label">
        <value>Skasuj post</value>
    </key>
    <key name="feed_likes_1_label">
        <value>{$user1} lubi to</value>
    </key>
    <key name="feed_likes_2_label">
        <value>{$user1} i {$user2} lubią to</value>
    </key>
    <key name="feed_likes_3_label">
        <value>{$user1}, {$user2} i {$user3} lubią to</value>
    </key>
    <key name="feed_likes_list_label">
        <value>&lt;a href="{$url}"&gt;{$count} members&lt;/a&gt; like this</value>
    </key>
    <key name="feed_view_more_btn">
        <value>Zobacz więcej</value>
    </key>
    <key name="follow_button">
        <value>Obserwuj</value>
    </key>
    <key name="follow_complete_message">
        <value>Obserwujesz {$username}</value>
    </key>
    <key name="guest_like_error">
        <value>Musisz się zalogować żeby polubić tą aktywność.</value>
    </key>
    <key name="item_deleted_feedback">
        <value>Usunięto</value>
    </key>
    <key name="like_btn_label">
        <value>Like</value>
    </key>
    <key name="mobile_disabled_actions_message">
        <value>This is not available on mobile yet. Try &lt;a href="{$desktopUrl}"&gt;desktop version&lt;/a&gt;.</value>
    </key>
    <key name="newsfeed_feed">
        <value>Profil</value>
    </key>
    <key name="notifications_user_status">
        <value>&lt;a href="{$userUrl}"&gt;{$userName}&lt;/a&gt; napisała na Twoim profilu</value>
    </key>
    <key name="privacy_action_view_my_feed">
        <value>Kto może oglądać mój profil</value>
    </key>
    <key name="save_customization_btn_label">
        <value>Zapisz</value>
    </key>
    <key name="settings_updated">
        <value>Zaktualizowano ustawienia</value>
    </key>
    <key name="status_add_string">
        <value>zaktualizowały status</value>
    </key>
    <key name="status_btn_label">
        <value>Wysłano</value>
    </key>
    <key name="status_field_invintation">
        <value>Co słychać?</value>
    </key>
    <key name="string_users_and_delim">
        <value>i</value>
    </key>
    <key name="unfollow_button">
        <value>Przestań obserwować</value>
    </key>
    <key name="unfollow_complete_message">
        <value>Nie obserwujesz już {$username}</value>
    </key>
    <key name="unlike_btn_label">
        <value>Nie lubię</value>
    </key>
    <key name="usercredits_action_add_comment">
        <value>Skomentuj</value>
    </key>
    <key name="view_more_count_label">
        <value>+{$count} więcej</value>
    </key>
    <key name="widget_feed_title">
        <value>Profil</value>
    </key>
    <key name="widget_settings_count">
        <value>Items to show</value>
    </key>
    <key name="widget_settings_view_more">
        <value>Zobacz więcej</value>
    </key>
</prefix>
