<?xml version="1.0" encoding="utf-8"?>
<prefix name="notifications" label="Email Notifications" language_tag="pl-PL" language_label="Polski">
    <key name="config_day_desc">
        <value>Dzień tygodnia, w którym wysyłane są tygodniowe podsumowania</value>
    </key>
    <key name="config_day_label">
        <value>Dzień</value>
    </key>
    <key name="config_hour_desc">
        <value>Godzina danego dnia, kiedy wysyłane są codzienne i tygodniowe podsumowania</value>
    </key>
    <key name="config_hour_label">
        <value>Godzina</value>
    </key>
    <key name="config_page_heading">
        <value>Powiadomienia email</value>
    </key>
    <key name="config_page_title">
        <value>Powiadomienia email</value>
    </key>
    <key name="config_saved_message">
        <value>Ustawienia zapisane</value>
    </key>
    <key name="config_schedule_title">
        <value>Wyślij email</value>
    </key>
    <key name="config_title">
        <value>Ustawienia</value>
    </key>
    <key name="console_item_label">
        <value>Powiadomienia</value>
    </key>
    <key name="console_menu_label">
        <value>Powiadomienia</value>
    </key>
    <key name="dashboard_menu_item">
        <value>Powiadomienia</value>
    </key>
    <key name="dashboard_menu_item_label">
        <value>Powiadomienia</value>
    </key>
    <key name="email_html_bottom">
        <value>Talk soon,&lt;br /&gt;&#13;
{$site_name}, administration&lt;br /&gt;&#13;
{$site_url}</value>
    </key>
    <key name="email_html_description">
        <value>To jest ostatnia aktywność &lt;a href="{$site_url}"&gt; {$site_name}&lt;/a&gt; powiązana z Twoim kontem:</value>
    </key>
    <key name="email_html_head">
        <value>Droga {$userName},</value>
    </key>
    <key name="email_subject">
        <value>Ostatnia atywność {$site_name}</value>
    </key>
    <key name="email_txt_bottom">
        <value>Talk soon,&#13;
{$site_name}, administration&#13;
{$site_url}</value>
    </key>
    <key name="email_txt_head">
        <value>Droga {$userName},&#13;
Przygotowaliśmy dla Ciebie ostatnie aktywności związane kontem {$site_name} :</value>
    </key>
    <key name="preferences_legend">
        <value>Burada iki gün boyunca gerçekleşen tüm bildirileri görebilirsin.Geri kalanlarını ise eposta adresinden kontrol edebilirsin.</value>
    </key>
    <key name="save_config_btn">
        <value>Zapisz</value>
    </key>
    <key name="save_setting_btn_label">
        <value>Zapisz</value>
    </key>
    <key name="schedule_auto">
        <value>Automatycznie</value>
    </key>
    <key name="schedule_automatic">
        <value>Automatycznie (jeśli nie logujesz się w ciągu 2 dni)</value>
    </key>
    <key name="schedule_daily">
        <value>Codziennie</value>
    </key>
    <key name="schedule_immediately">
        <value>Natychmiast</value>
    </key>
    <key name="schedule_never">
        <value>Nigdy</value>
    </key>
    <key name="schedule_title">
        <value>Plan</value>
    </key>
    <key name="schedule_weekly">
        <value>Tygodniowy</value>
    </key>
    <key name="settings_changed">
        <value>Ustawienia zapiasane</value>
    </key>
    <key name="settings_edit_label">
        <value>Zmień preferencje i częstotliwość tych powiadomień</value>
    </key>
    <key name="settings_not_changed">
        <value>Ustawienia nie zostały zapisane</value>
    </key>
    <key name="settings_page_heading">
        <value>Powiadomienia email</value>
    </key>
    <key name="settings_page_title">
        <value>Powiadomienia email</value>
    </key>
    <key name="setup_page_heading">
        <value>Powiadomienia email</value>
    </key>
    <key name="setup_page_title">
        <value>Powiadomienia email</value>
    </key>
    <key name="unsubscribe_all_label">
        <value>Anuluj subskrypcję wszystkich powiadomień</value>
    </key>
    <key name="unsubscribe_code_expired">
        <value>Kod do anulowania subskrybcji wygasł</value>
    </key>
    <key name="unsubscribe_completed">
        <value>Anulowano subskrybcję</value>
    </key>
    <key name="unsubscribe_confirm_msg">
        <value>Czy na pewno chcesz anulować subskrybcję powadomień?</value>
    </key>
    <key name="unsubscribe_one_label">
        <value>Anuluj subskrybcję tego typu powiadomień</value>
    </key>
</prefix>
