<?xml version="1.0" encoding="utf-8"?>
<prefix name="privacy" label="Privacy" language_tag="pl-PL" language_label="Polski">
    <key name="action_action_data_not_changed">
        <value>Ustawienia nie zostały zmienione</value>
    </key>
    <key name="action_action_data_was_saved">
        <value>Wprowadzone zmiany zostały zapisane. Wprowadzenie ich może chwilę potrwać.</value>
    </key>
    <key name="bottom warning">
        <value>Zastosowanie tych ustawień może trochę potrwać.</value>
    </key>
    <key name="no_items">
        <value>brak elementów do wyświetlenia</value>
    </key>
    <key name="privacy_description">
        <value>Tutaj możesz ustawić dostęp do publikowanych treści dla innych użytkowników</value>
    </key>
    <key name="privacy_everybody">
        <value>Wszyscy</value>
    </key>
    <key name="privacy_index">
        <value>Prywatność</value>
    </key>
    <key name="privacy_no_permission_heading">
        <value>Prywatny</value>
    </key>
    <key name="privacy_no_permission_message">
        <value>{$display_name} postanowiła nie udostępniać tych treści.</value>
    </key>
    <key name="privacy_only_for_me">
        <value>Tylko ja</value>
    </key>
    <key name="privacy_submit_button">
        <value>Zapisz</value>
    </key>
</prefix>
